1,Narinder,Single,16,2270085,Sed Neque Limited,64299,+91 9158115327,764-3059 Semper St.,Female,Vyomesh
2,Adwaya,Single,85,1414252,Nunc Ullamcorper Institute,839351,+91 4506992686,"P.O. Box 522, 7179 Pede. Avenue",Female,Vibhishan
3,Abhimani,Single,33,8545750,Non Ante Consulting,29432,+91 3359634498,612-8095 Ligula Ave,Female,Vedavrata
4,Raka,Divorced,76,4555897,Faucibus Foundation,100853,+91 2669049282,647-8780 Arcu. Road,Female,Vanhishikha
5,Kalicharan,Single,5,6935246,Non Consulting,180745,+91 4505558681,"P.O. Box 702, 5491 Sagittis Avenue",Male,Umrao
6,Krishna,Single,27,2258252,Donec Consulting,878990,+91 3251593800,"P.O. Box 858, 574 Diam. Street",Female,Uma
7,Ila,Married,28,2440554,Mauris Industries,652239,+91 7229817460,6626 Hendrerit St.,Female,Uditi
8,Amitabh,Married,70,506971,Interdum LLC,24281,+91 2848945239,437-6191 Phasellus Rd.,Female,Trishul
9,Tarana,Divorced,27,556984,Luctus Ipsum Corporation,893385,+91 2425649331,"P.O. Box 410, 995 A, Street",Female,Titir
10,Ilaiyavan,Single,44,2938895,A Inc.,380034,+91 9699990848,Ap #722-8972 Eget Ave,Male,Tarana
11,Sanwariya,Divorced,76,24790,Libero Nec Ligula Incorporated,545996,+91 6860081691,384-4698 Eu Rd.,Male,Tanseem
12,Sonakshi,Single,47,2520370,Malesuada Vel LLP,155702,+91 1384140877,Ap #141-4998 Quis Ave,Female,Suyash
13,Neelakshi,Married,36,9288574,Sit Limited,396011,+91 6891455695,"Ap #299-4912 Consectetuer, Av.",Female,Surya
14,Fawiza,Divorced,68,6567377,Est Nunc Institute,574990,+91 8421988632,3539 Nunc Ave,Female,Sumana
15,Shevantilal,Married,3,6689866,Enim Sit Amet Incorporated,390873,+91 6187290603,1272 Sem Rd.,Female,Sudesha
16,Karuna,Single,20,5083394,Enim Sit Amet Foundation,801061,+91 6295225978,800-3288 Donec Street,Female,Sudama
17,Vyomesh,Single,6,6570055,Justo LLC,37078,+91 8163267532,"4813 Pharetra, Avenue",Male,Subhan
18,Abhihita,Single,80,4679043,Dis Company,126689,+91 9274581414,821-469 Erat St.,Female,Sonakshi
19,Sangupt,Single,63,5354935,Facilisis Company,175672,+91 2598975665,"P.O. Box 505, 9107 Odio Avenue",Male,Sohni
20,Tanseem,Divorced,54,6340894,Lobortis Corp.,118973,+91 6161442845,1655 Cubilia St.,Female,Sitakanta
21,Bansilal,Divorced,18,9543879,Quisque Limited,384875,+91 5248315267,"Ap #289-5660 Nunc, Av.",Male,Shreyas
22,Mahima,Single,32,5229745,Et PC,965110,+91 1020711738,"P.O. Box 893, 960 Nulla St.",Female,Shevantilal
23,Aaarti,Single,13,2508148,Nullam Ut PC,615706,+91 8554746016,Ap #304-4686 Eleifend Rd.,Female,Sheetal
24,Gopi,Single,84,7848218,Velit Justo Nec Limited,445402,+91 4062629428,447-411 Pretium Avenue,Female,Shashibala
25,Surya,Married,12,986432,Facilisi Sed Neque Limited,330315,+91 1697746110,"P.O. Box 363, 581 Litora Road",Female,Shamim
26,Sanabhi,Single,84,2497790,Rhoncus Donec Corp.,784530,+91 1566915197,"P.O. Box 932, 2933 Ante Rd.",Female,Satya
27,Nirmal,Single,23,3543002,Ipsum Porta Elit Corporation,992369,+91 7650982226,992-1137 Ullamcorper Avenue,Female,Saroj
28,Apeksha,Single,86,3365010,Vivamus Rhoncus Ltd,496371,+91 7228776956,"Ap #960-9047 Ut, Rd.",Female,Sanwariya
29,Sitakanta,Single,53,6919240,Vivamus Company,787772,+91 6847452047,Ap #410-567 Quam Rd.,Female,Sangupt
30,Narahari,Married,92,9874195,Tincidunt Donec Vitae Institute,379339,+91 0934816162,"P.O. Box 583, 1185 Lobortis Av.",Male,Sanabhi
31,Nishad,Single,32,2687702,Nunc In At Associates,846599,+91 9687835449,Ap #380-4707 Ipsum Av.,Male,Samrat
32,Hari,Married,27,2203805,Risus Duis Ltd,470225,+91 1589593065,1253 Orci St.,Female,Samidha
33,Kirit,Divorced,24,9304548,Nisi Magna Sed Company,794563,+91 4956941962,"P.O. Box 628, 3062 Proin St.",Female,Sambhddha
34,Ratnavali,Single,22,5844263,Vivamus Company,829836,+91 8974242805,5126 Egestas. Avenue,Female,Saeed
35,Aiman,Single,48,6275561,Quis Urna Nunc Inc.,984559,+91 9270780540,8884 Parturient Rd.,Female,Rolee
36,Krandasi,Divorced,29,7896444,Pharetra Quisque Ac Company,56385,+91 5639943914,7151 Tristique Avenue,Female,Ratnavali
37,Ojaswini,Single,2,6994901,Orci Quis LLP,704078,+91 3851813336,1324 Dolor Avenue,Female,Ramratan
38,Hirendra,Single,89,6150371,Mattis Velit Limited,539084,+91 4727606483,"P.O. Box 710, 8207 At Road",Male,Raka
39,Vedavrata,Single,79,6715417,Sit Limited,386050,+91 1890296372,"P.O. Box 655, 153 Sagittis. Avenue",Female,Prashansa
40,Nabendu,Divorced,21,6109648,Donec Inc.,509717,+91 1593716957,"P.O. Box 283, 5759 Lobortis Street",Male,Prachur
41,Satya,Married,59,7147220,Dui Nec LLP,328965,+91 4738041765,Ap #708-5560 Nisi. St.,Male,Prachetas
42,Uma,Married,35,7146223,Eget Varius Ultrices Limited,989348,+91 3960707047,763-9533 Ligula. Road,Female,Oviyan
43,Balinger,Single,60,4050466,Parturient Montes Company,529865,+91 7543606264,726-4631 Magna. Rd.,Male,Ojaswini
44,Idhitri,Single,76,1279516,Scelerisque Ltd,45408,+91 6167580134,"P.O. Box 991, 1124 Lacus, Rd.",Male,Ojaswini
45,Subhan,Divorced,25,111983,Fermentum Arcu Corp.,715070,+91 2420029108,Ap #864-2564 Nunc Rd.,Female,Nishad
46,Chellamuthu,Married,12,9895786,Vivamus Ltd,158530,+91 0864212756,Ap #144-1835 Turpis Rd.,Male,Nirmal
47,Mannan,Divorced,86,4863487,Nibh Donec Est Corporation,621599,+91 6382063121,Ap #125-7756 Gravida Street,Male,Neelakshi
48,Bhooshan,Single,36,4832962,Dui Semper Et PC,220100,+91 1434576734,Ap #644-3308 Tristique Road,Male,Narinder
49,Prashansa,Single,62,1772913,Mauris Company,708248,+91 7102138206,"P.O. Box 360, 2874 Fringilla, Road",Male,Narahari
50,Chandran,Single,73,3650571,Molestie In Tempus Incorporated,660050,+91 1815922043,743-7010 Pellentesque Ave,Female,Nand
51,Suyash,Single,71,5845405,Eu PC,700715,+91 3501512318,"P.O. Box 932, 597 Et Ave",Male,Nabendu
52,Saroj,Married,10,3763192,Aliquet Vel Corporation,868785,+91 3118793272,201-2445 Morbi Avenue,Female,Mukunda
53,Kuldeep,Single,17,4026859,Risus Incorporated,804367,+91 8930363649,"7108 A, Av.",Male,Mannan
54,Amita,Divorced,28,1278392,A Scelerisque Sed LLC,110163,+91 6998199031,674-784 Dictum St.,Female,Mahima
55,Vibhishan,Divorced,29,6944843,Diam Duis Corp.,247402,+91 7997300137,287-6629 Et St.,Male,Kunjal
56,Prachetas,Single,53,3012392,Ipsum Curabitur Industries,277302,+91 0874823336,Ap #807-4504 Aenean St.,Male,Kuldeep
57,Jharna,Married,92,8697038,Sed Hendrerit Ltd,950375,+91 5200824335,"P.O. Box 461, 2496 Urna. Street",Male,Krishna
58,Deepanwita,Single,55,7071639,Nec Ligula Consectetuer Incorporated,106298,+91 4752119358,"P.O. Box 589, 722 Aptent Street",Male,Krandasi
59,Aninditha,Divorced,2,6417135,Nunc Inc.,421701,+91 9609543900,"P.O. Box 423, 4540 Ut Road",Male,Kirit
60,Hurditya,Single,68,6107959,Consectetuer Company,390636,+91 9948040604,"P.O. Box 699, 7642 Ante Rd.",Male,Ketaki
61,Nand,Single,16,4271013,A Enim Associates,147945,+91 8421158530,"P.O. Box 163, 5724 Augue St.",Female,Kedarnath
62,Kedarnath,Single,98,2630325,Vulputate Dui Consulting,75872,+91 4338817740,659-2562 Dolor Av.,Male,Karuna
63,Sambhddha,Divorced,34,1211842,Leo In Lobortis LLP,888296,+91 5847579310,"P.O. Box 353, 5969 Tristique St.",Male,Kalicharan
64,Ahalya,Married,30,9080519,Lorem Institute,946206,+91 5428913410,"P.O. Box 229, 6525 Libero. Street",Female,Kaandhal
65,Arushi,Single,43,6240101,Sociis Natoque Penatibus Institute,495957,+91 2317557379,"P.O. Box 963, 220 Sodales Avenue",Female,Jharna
66,Sudama,Single,55,5419850,Curabitur Vel Institute,200106,+91 2375123482,4184 Aliquet St.,Male,Ilaiyavan
67,Shreyas,Single,37,417324,Nulla LLP,895073,+91 4175994820,Ap #951-2508 Elementum St.,Male,Ila
68,Shamim,Divorced,43,7880287,Maecenas Ltd,287706,+91 9243159787,Ap #888-3011 Arcu. St.,Male,Idhitri
69,Prachur,Single,99,9605085,Netus Et Inc.,571128,+91 3782468041,Ap #908-9461 Sodales Rd.,Female,Hurditya
70,Mukunda,Single,19,7767198,Aliquet Foundation,18741,+91 4928816401,"P.O. Box 528, 4994 Justo St.",Male,Hirendra
71,Saeed,Single,18,3816169,Scelerisque Scelerisque Ltd,458932,+91 5159633361,118-4576 Mollis. Road,Male,Hariraj
72,Kaandhal,Single,99,6378092,Placerat Eget Venenatis PC,322879,+91 7230071640,332 Diam. Ave,Male,Hari
73,Amartya,Divorced,13,847386,At Company,782504,+91 5688826421,"7530 Amet, Rd.",Female,Gopi
74,Ayesha,Married,63,7620458,Fringilla Industries,636159,+91 4791321761,Ap #383-8612 In Avenue,Male,Girindra
75,Sumana,Single,4,5845150,Ut Odio Vel Consulting,301590,+91 0314651078,580 Odio. Rd.,Male,Fawiza
76,Bahurai,Single,58,9940888,Nulla Limited,423527,+91 0750104303,373-1745 Mauris Ave,Female,Devak
77,Titir,Single,87,7234242,Amet Massa Quisque Associates,730509,+91 7797986984,635-4228 Metus Street,Female,Deepanwita
78,Vanhishikha,Married,90,3273713,Sed Et Libero Foundation,987503,+91 5508419352,772 Vitae Street,Female,Deep
79,Trishul,Single,50,6709831,Amet Corp.,9922,+91 3358533750,Ap #183-6621 Quam St.,Female,Deep
80,Devak,Married,68,6450852,Consequat Enim Industries,196101,+91 0565102204,2749 Morbi Ave,Female,Dayakara
81,Umrao,Divorced,19,6093137,Libero Incorporated,633635,+91 9045770022,"P.O. Box 931, 8046 Et Rd.",Female,Chellamuthu
82,Bandhu,Divorced,97,4058274,Facilisis Suspendisse PC,669984,+91 1211495254,"P.O. Box 598, 2338 Diam. St.",Female,Charuprabha
83,Sohni,Divorced,8,7443556,Ipsum Non PC,235614,+91 2958735850,1887 Ante Ave,Male,Chandran
84,Samrat,Single,29,4263584,Eu Sem Consulting,805707,+91 2184405015,854-8146 Ut Road,Male,Bhooshan
85,Deep,Single,44,1330985,Adipiscing Enim Corp.,265420,+91 6939763768,Ap #850-7764 Magna Road,Male,Bansilal
86,Girindra,Single,40,9625348,Nunc In At Corporation,505887,+91 7336038991,195-4660 Vel St.,Male,Bandhu
87,Rolee,Single,96,7034923,Convallis Dolor Quisque LLP,399721,+91 6347906925,"334-1370 Ut, Rd.",Male,Bahurai
88,Samidha,Single,44,9225655,Sociis Natoque Penatibus Inc.,420607,+91 3688360470,"P.O. Box 329, 3441 Suspendisse St.",Male,Ayesha
89,Charuprabha,Single,84,664188,Tellus Suspendisse Foundation,205159,+91 0735871193,5842 Est Rd.,Female,Arushi
90,Sudesha,Single,94,3304662,Ipsum Industries,367515,+91 0036514534,"3320 Ut, St.",Female,Apeksha
91,Ketaki,Single,61,3150542,Arcu Aliquam LLP,984262,+91 4688739754,Ap #103-8499 Augue Street,Female,Aninditha
92,Shashibala,Single,25,2775470,Erat Vivamus Nisi Consulting,150423,+91 6353545040,6158 Dignissim Avenue,Female,Amitabh
93,Dayakara,Single,71,2101379,Ac Feugiat Non Consulting,838141,+91 8157025403,9934 Odio. Av.,Male,Amita
94,Ojaswini,Married,75,534889,Et Malesuada Fames Company,203560,+91 3710941328,"P.O. Box 212, 3697 Facilisis. Av.",Male,Amartya
95,Hariraj,Single,35,7472734,Nunc Id Industries,576976,+91 4155128276,"P.O. Box 978, 4601 Tempus, Road",Male,Aiman
96,Deep,Divorced,50,8515063,Mi Eleifend Egestas PC,583130,+91 0865862381,"P.O. Box 983, 8497 Leo. Road",Male,Ahalya
97,Sheetal,Single,28,7628243,Eu Consulting,598140,+91 7151832712,6785 Magna Street,Female,Adwaya
98,Kunjal,Married,8,8557294,Purus Associates,604209,+91 5987770653,"P.O. Box 345, 8914 Ut St.",Male,Abhimani
99,Uditi,Divorced,8,1901703,Ligula Eu Incorporated,870600,+91 2382557637,"Ap #595-9115 Vel, St.",Male,Abhihita
100,Ramratan,Single,27,5112248,Nunc Ullamcorper Velit Foundation,885574,+91 3504250382,282-4251 Proin Av.,Female,Aaarti
